text,suicidal_ideation
I lived,0.0
"RT @MaryDeMuth: Jesus, I lift up those who are afraid tonight. I‚Äôm grateful that You listen and you bear our worries. Please lift the burde‚Ä¶",0.0
@WestminsterWAG Someone should scrap you from the lists of people who are column writers for a rag. You should be a‚Ä¶ https://t.co/np36KvVVv4,0.0
I've seen the worst wigs and attitudes from our own Melanin Queens in this industry. Fix your crown before you fix‚Ä¶ https://t.co/NTgX6o1Xzp,0.0
Should have been Bernie,0.0
2020 will be the year i make the change i want to see in the world!! finally gonna kill myself!!,1.0
I don't want to be happy or get better. I just want to go back to being non existent.,0.0
Now I get why there are more suicides in this time of the year.,0.0
"RT @Read_AboutMi: Had to. SiR ""Save Me From Myself"" clip for obvious reasons https://t.co/s1O817nnCm",0.0
Not killing yourself is a temporary solution to a permanent problem,1.0
Hong Kong Police beat and broke this teenager's neck. They refused to untie his hands for first aid after he lost consciousness for 20 minutes until a firefighter forced them to.,0.0
"I'm sick and tired of people telling me ""you're too young to be depressed""",0.0
I want to die but don't want to kill myself,1.0
"Mixed response by Air Vistara &amp; Air India coming up
Air Vistara says booking open for flights from 15/4/2020 on the‚Ä¶ https://t.co/FEBRckkI4E",0.0
Lessons from Four Decades of Depression,0.0
"RT @yashar: The Doctor Came to Save Lives. The Co-op Board Told Him to Get Lost.

When an emergency room doctor traveled from New Hampshire‚Ä¶",0.0
This image of Xi Jiping as Winnie the Pooh is illegal in mainland China,0.0
i miss myself,0.0
@BGrueskin The country was already weary from  a 3 year war waged against democracy by its own traitor President wh‚Ä¶ https://t.co/Y44n4DLGkN,0.0
surely there is more than one soulmate/love of your life bcoz i‚Äôm definitely over who mine was so does that mean th‚Ä¶ https://t.co/Dq9Zhkpkqf,0.0
Anyone else feels like a burden to their friends?,0.0
"@DaleHammers3 @warybear @QueenofClubsIII @ReillocNaes @AOC That's the study by Didier Raoult, famously banned from‚Ä¶ https://t.co/Jga5peBqrz",0.0
"RT @cchukudebelu: The same Nigerian Army that threw Fela's mother from a story building - which led to her death, and you are ""disturbed ab‚Ä¶",0.0
"RT @uncommon_LDN: ""'Apart. But Never Alone' has generated messages of appreciation from everyday folks to family, friends, the NHS, teacher‚Ä¶",0.0
I have no friends. Nobody ever contacts me first,0.0
RT @MaxBlumenthal: Shocked a country that stole about $5 billion+ in Venezuelan resources in the past year could also steal vital PPE from‚Ä¶,0.0
"25, around 10k in debt, failed university, and today testicular tumor diagnosed. See you on the otherside.",0.0
Wouldn‚Äôt it be lovely?,0.0
Anyone else‚Äôs suicidal thoughts get triggered by the smallest things?,1.0
Ever wake up every morning and you want to die?,1.0
"""You won't feel like this forever! :) These feelings will eventually go away"" - They always, always come back though.",0.0
"To therapists or anyone who says suicide is taking the easy way out vs ""working"" to make things better, fuck you all",1.0
"Hey Blizzard, I heard you like China's money ?",0.0
It's So Hard to Find Meaning After Rock Bottom...,0.0
i....,0.0
Do you guys ever wish that there was a simple button that would give you instant and painless death when you press it?,1.0
The only way to keep me from snacking rn is to not have snacks in the house. No self control,0.0
With some people solitariness is an escape not from others but from themselves. For they see in the eyes of others‚Ä¶ https://t.co/mD10WzgYVe,0.0
"RT @Cole44749821: @BuckSexton Buck, their source is WaPo. that should explain where those numbers came from....... 

We all know that those‚Ä¶",0.0
The fact that i'm shy is the main reason why i'm suicidal,1.0
This is Maya. Her owner built her a luxury cabin so that people passing by can say hello and even talk to her while he's at work.,0.0
"Repost by _reposta
‚Äî‚Äî‚Äî
4 in 5 women suffer from hair loss these days and it's not only those who are aged or pregna‚Ä¶ https://t.co/59J1jAATiv",0.0
RT @christine_p_33: I am challenging everyone to post a photo you've taken from a place you've been. The only thing is that you NOT appear‚Ä¶,0.0
@thehill I don‚Äôt think religion exempts you from paying taxes. You‚Äôre still a business selling a product - it‚Äôs an‚Ä¶ https://t.co/kYhHrh91He,0.0
@RDMacQ @JWOLFFH @shaenongarrity @KasumiRylith @renfamous @Toymachine781 @TheGingerBeard @TBonvillain‚Ä¶ https://t.co/cygCm94DQs,0.0
RT @sred91: So disappointed. I‚Äôm a NHS worker and finished work yesterday to find that my bike had been stolen from Belfast City Hospital c‚Ä¶,0.0
why are we only appreciated when we‚Äôre finally gone?,0.0
"I don‚Äôt even know how to say this but I feel like this is a good place to get all of it off of my chest, if I even can or honestly even finish this post. I know I‚Äôm suicidal but I don‚Äôt know if I will do it",1.0
"I guess Trump is still doing press briefings daily, you'd never know it they aren't covering them in Nebraska or at‚Ä¶ https://t.co/17gKzttoV7",0.0
RT @AmyinLondon: I am challenging everyone to post a photo you've taken from a place you've been. The only thing is that you NOT appear in‚Ä¶,0.0
I just tried to strangle myself with a rope because I have nowhere to hang myself at the moment so I just tied it around my neck and pulled it and I could still breathe so it didn‚Äôt work.. I want to kill myself right now but I even fail at that.. what is wrong with me...,1.0
I don't want to live past 30,1.0
My dog stopped me,0.0
"@CelebrityBarMan Sir, God bless you for the willingness to give. Please rescue me from hunger,HV been buying and fe‚Ä¶ https://t.co/TwkVQmaUqD",0.0
RT @expressionessd1: Anyone would think when a government asks for help from the public to help in #pandemic they would ensure that these #‚Ä¶,0.0
@johnlegend I‚Äôm thinking the use of ‚Äúour‚Äù stockpile means Trump can use it for Quid Pro Quo by using it to extract‚Ä¶ https://t.co/eeI7yzuRzd,0.0
"Okay so, I'm 21. I have type 1 diabetes, cervical cancer, and a brain tumor. I'm putting serious financial strain on my family with all these medical bills. I just don't see the point in putting them through this, and myself through all the awful treatment, just to like.... die anyway?",1.0
i‚Äôm ending it in a few hours,1.0
"RT @Imani_Barbarin: LRT: here‚Äôs some advice from the Cripple Coalition‚Äî

If someone is putting your health at risk, see them to the door an‚Ä¶",0.0
"RT @mattgallowaycbc: ""This is no way to treat transatlantic partners. Even in times of global crisis, there should be no Wild West methods.‚Ä¶",0.0
I started researching how to kill myself,1.0
"I've wanted to kill myself for awhile now, but just had my favorite soup",1.0
"RT @charlieINTEL: #ModernWarfare MP Free Access is LIVE in #Warzone!

From now through April 6, everyone who owns the free to play #Warzone‚Ä¶",0.0
@AlanLHam it seems to me that most media sources started ringing the alarm early on about the severity of COVID-19.‚Ä¶ https://t.co/37XjtRc6PT,0.0
Hi i went from 100% certain i want to kill myself to not knowing what to do... I guess its an improvement? Thanks ya all that helped i would be dead by now if it wasn't for you all... Im looking forward to seeing what the future will bring... Cheers on ya all!!ü•∞,1.0
Y'all ever just lay down in bed in the fetal position and cry and just try to will yourself out of existence for a couple hours?,0.0
"RT @anglicandioTO: In today's letter to the diocese, Bishop Andrew Asbil gives some Holy Week advice: ""Less is more. Be kind to yourselves.‚Ä¶",0.0
"I was sold & raped by my dad from the age of 6, I ran away and currently live with a violent 40 year old man. I'm turning 18 today and I wanna give up.",1.0
"RT @OH_mes2: AOA Jimin is mourning the loss of her father who passed away from acute myocardial infarction today

https://t.co/XDIKWkURTr h‚Ä¶",0.0
On the verge of giving up,0.0
Does anyone else feel like they don't want to kill themselves but they wish to die everyday?,1.0
"@guitardis @LockdownWho @RealMattLucas @MichelleGomez BOTH!!! I‚Äôd love it if we could do an episode a week, right f‚Ä¶ https://t.co/Z10uYQXaYQ",0.0
Whoever says life is a gift can fucking catch these hands,1.0
"RT @swassysaraa: ya allah, help me. i don‚Äôt wanna die because of suicide. please distract my mind from doing it everytime im having suicida‚Ä¶",1.0
I attempted suicide last year and no one knows.,1.0
Wife Attempted Suicide Today...,1.0
"Is anyone else afraid of dying, but they're just more afraid of living?",1.0
Does anyone else constantly teeter between planning how to kill yourself and planning how to fix your life?,1.0
RT @FutbolBible: üáßüá∑ Is Marcelo the greatest left-back of all time? Just a reminder that Real Madrid signed him from Fluminese for ‚Ç¨6 millio‚Ä¶,0.0
challenging everyone to post a photo you've taken from a place you've been. the only thing is that you NOT appear i‚Ä¶ https://t.co/IphBPJvtlh,0.0
"From a Politico report this morning, the RNC and the Trump campaign are pouring millions to legal teams to restrict‚Ä¶ https://t.co/L9MEAIUS3r",0.0
I've come to accept this,0.0
"Appa, yip yip

and fly me away from the stress, pressure, deadlines, mental breakdowns, broken laptop, pandemic anx‚Ä¶ https://t.co/TE5Jt0Azix",0.0
Does anyone else just feel like you‚Äôve lived enough?,1.0
I feel guilty for thinking about suicide due to the pandemic,1.0
"@hanavbara @DUALIPA Nobody's gonna sue you, but is your fan art inspired by a PHOTO?üôÇ A drawing made from a COPYRIG‚Ä¶ https://t.co/MNT7ZBJJ61",0.0
I just called the hotline and got hung up on. Talk about feeling alone,1.0
@DokiProtagElite @SwxxtlyPxychos @TheEliteMW Boogeyman is just coughing from the sudden attack by Shawn. This utter‚Ä¶ https://t.co/Gx7wy5U0J1,0.0
@ReturnOfTunaJoe @Boonira Working while I go mad from hunger it seems,0.0
"RT @AlexBThomson: If decisions about rationing #COVID19 treatment move from likelihood of survival to judgements about quality of life, we‚Ä¶",0.0
Update,0.0
I want to kill myself. And people know. But they don‚Äôt care. I hate myself so much. I just don‚Äôt want to live anymore.,1.0
I‚Äôm sorry I wasn‚Äôt strong enough to stay until the end. Bye,1.0
My dad killed himself,1.0
"RT @caitoz: Someone‚Äôs Screwing You, And It Ain‚Äôt China: Notes From The Edge Of The Narrative Matrix

""We should be relaxing at home assured‚Ä¶",0.0
Help,1.0
"Does anyone else feel like they are ""meant"" to kill themselves?",1.0
Those cheesy suicide prevention poems,0.0
My best friend of ~18 years is engaged to the man who sexually assaulted me,0.0
I would 100% attempt suicide if I knew there were no health risks for failure,1.0
Today was our Annual Happy Hour for all the Coaching Community but #coronavirus is keeping us from sharing a fewüçª S‚Ä¶ https://t.co/ANQg8Ybavy,0.0
Am I faking being depressed for attention?,0.0
A crude pic from someone who has been there.,0.0
Told my partner I'm suicidal,1.0
RT @TheProleStar: You have been our hope and our joy. You have transformed our party from a lickspittle shadow of itself to a real social m‚Ä¶,0.0
"2.6 terabyte leak of Panamanian shell company data reveals ""how a global industry led by major banks, legal firms, and asset management companies secretly manages the estates of politicians, Fifa officials, fraudsters and drug smugglers, celebrities and professional athletes.""",0.0
i dont want to kill myself but i see no other future other than me killing myself,1.0
"This sub really helped me, just wanted to say thank you.",0.0
i want to die.,1.0
RT @suemillward1: Do this ... PLEASE. stay at home and away from others .. to help protect others and our #NHS - remember those who have al‚Ä¶,0.0
No one gives a shit until you admit you want to die,1.0
"RT @BetoORourke: How to find hope and strength, and resist despair, from someone who knows.",0.0
RT @Ximena_Bustillo: NEW: Boise State students will be able to change any class grade C- and up into a ‚ÄúPass/fail‚Äù. Lower grades cannot be‚Ä¶,0.0
@shishneen A lot of this is debatable and requires various statistics and important history that is deeper behind i‚Ä¶ https://t.co/Yx6Nj0QMwO,0.0
I'm so sensitive sometimes it's like I was honestly not made for this planet.,0.0
My mom cried in front of me after staying in my bed for 4 days straight,0.0
Anyone else more afraid of failure than death?,0.0
"WARNING: If you get a PM from /u/itskokobot, please report it and DO NOT REPLY.",0.0
"RT @ddale8: After Jared Kushner‚Äôs comment about how the Strategic National Stockpile is not supposed to be for states, lots of people point‚Ä¶",0.0
Do y‚Äôall‚Äôs ever want to kill yourself over a minor inconvenience and that makes you want to kill yourself even more cause other people have it way worse?,1.0
vote up if you think i should live (ha),1.0
"PSA from the SuicideWatch Mod Team: We're getting a lot of complaints about generic ""uplifting"" or ""I love you"" type posts and comments. Please read and follow guideline 4c in the sidebar.",0.0
Why do so many people get to die by accident and for me to die I have to kill myself.,1.0
Being gay and ugly sucks,0.0
"Does anyone else have things that happen in their lives that your immediate reaction to is, ""I should kill myself""? Because that's nearly everything to me.",1.0
RT @ajitxsingh: She's absolutely right. These are conspiracy theories and they are being pushed by the US government and its propaganda net‚Ä¶,0.0
My depression has made me become such a good liar. It‚Äôs frightening.,0.0
"The reason I love my bed and sleeping so much is because it‚Äôs the closest to death I can get for now, it‚Äôs like a free trial",0.0
Why is wanting to die a bad thing,1.0
Crippling Loneliness,0.0
I'll just leave this here for you all - Think about it.,0.0
"RT @KYPBristol: The Welsh Back hoard, a new entry from @bristolmuseum. The hoard of over 5700 silver coins was discovered in 1923 under a f‚Ä¶",0.0
RT @Lunya: @RishiSunak is this the sort of help you expect from the UK finance industry when asked for help from an SME. This is @Nucleus_C‚Ä¶,0.0
RT @richard680news: #BREAKING - Premier Ford on the US Presidents decision to stop 3M from selling its N95 masks in Canada ‚ÄúI can‚Äôt stress‚Ä¶,0.0
RT @imjasondiamond: One good thing that's come out of quarantine is that I've realized that I'm a really huge fan of the fictional stuffy y‚Ä¶,0.0
You ever get that 'why bother' mentality?,0.0
"RT @germadd1990: The Irish and British Labour parties are announcing new leaders on the same weekend, and it's the former that has the @lab‚Ä¶",0.0
17 Days Later,0.0
Who else feels like they're only still living to spare the feelings of their family members?,1.0
"RT @Freedland: A litany of mixed messages, crossed wires and broken promises: Boris Johnson will be judged on his handling of coronavirus -‚Ä¶",0.0
"""99% of people regretted it!""",0.0
"RT @LovedMess: The virus is much more infectious than influenza or the SARS virus, which it closely resembles. This week, new data showed t‚Ä¶",0.0
After a week long disappearance and a gun purchase I finally admitted myself into the psych ward.,0.0
Do you ever just want to talk to someone about your suicidal feelings but then anxiety grabs you by the throat and chokes you until you have a breakdown?,0.0
"RT @NotNikyatu: Pray for me. 

My back is broken from trying to carry these dull conversations with men...who pursue me with nothing to say.",0.0
"i don't believe in god, but I've already came to the point where i'd pray to him every night that i'd get hit by a car and die or something",1.0
From the SW Mod team: Please be cautious if your post references political events,0.0
"For what it's worth, my heart and prayer goin' out to you now. Thnx for reaching out into this simulated healing ci‚Ä¶ https://t.co/O8BXSW2wzT",0.0
If death is eternal sleep and i prefer bring asleep to being awake how is suicide not the answer?,1.0
One of the best Quotes from a Genius https://t.co/rfVbQXXY7V,0.0
"RT @EricLeeMD: Browsing on phone w that O2 sat. 

#COVID19 tips from NYC. Anecdotal for now.

1. Proning patients helps O2 sats. Have them‚Ä¶",0.0
I'm gonna end it all,1.0
"RT @samanthajgross: A critically ill patient in Miami will receive a plasma transfusion from Mayor @FrancisSuarez, who has recovered from C‚Ä¶",0.0
RT @sonamhasleft: My father died at 7pm yesterday from COVID-19. My mother is quarantined &amp; positive. My dad is not allowed to have a funer‚Ä¶,0.0
"RT @gunjakapoor: Horrific stories of hunger emerging from #Rajasthan 

@ashokgehlot51 is using this to play dirty vendetta politics by not‚Ä¶",0.0
"my delivery was due today before 8, has it come?! NO. am i cryin? maybe . i just want something to distract myself‚Ä¶ https://t.co/VIGKviIQLM",0.0
@EdmDemonz @ThatAbrax @NGN_Gaming @Maverick__CW I'm pretty sure he is the reason for invisible chungas..... idk fro‚Ä¶ https://t.co/mFAY8ID02e,0.0
"Today, I've reached one of the lowest points in my life. I hope you finish reading my post.",0.0
"@erika_e_hughes No idea how he can fix that. As I understand it, the problem is physical distribution and stocking‚Ä¶ https://t.co/d7nFOIuOB2",0.0
RT @DeAnna4Congress: Just discovered a News outlet that is awesome- GEORGE News. Apparently its the same Magazine JFK Jr started but has be‚Ä¶,0.0
"Does anyone else feel like suicide is the way they're ""meant to go""?",1.0
"My son's girlfriend committed suicide, and now his no longer himself.",1.0
Am I the only one who finds thinking of suicide comforting?,1.0
I've finally hit my limit,0.0
RT @thewordsofshiva: If they are not then why they are running out from Isolation wards ? Why they are spitting on doctors ? Why they are p‚Ä¶,0.0
"In twenty six days, I am throwing a moving away party. I don't have the heart to tell my friends I am thinking about taking my life shortly afterwards rather than go through with my move.",1.0
I just die inside when my parents mention things I will do in the future even though I have no intention on living that far...,1.0
"RT @ASAMorg: George Koob, PhD, Director, National Institute on Alcohol Abuse and Alcoholism (@NIAAAnews ) discussing #telehealth and update‚Ä¶",0.0
I wish boys were allowed to be feminine without being judged.,0.0
RT @CDCgov: Bored and stressed while at home?  Work out that stress while keeping physical distance from others ‚Äì go for a walk or stream y‚Ä¶,0.0
@hailmothman @jahjenkinss @papabeek @charliekirk11 ‚Äúan invisible line‚Äù üòÇ What stops people from walking right off t‚Ä¶ https://t.co/TXJ30to3Yu,0.0
The worst feeling in the world is when you don't want to be alive but you're too big of a pussy to do it because you feel obligated to stay for other people's well-being,1.0
"Goodbye, r/Suicidewatch.",0.0
"It feels weird when I remember that suicide is such a scary thing for most people to discuss. I keep forgetting that most people aren't suicidal, and that even the slightest mention of it can make them panic.",0.0
Strength does not come from physical capacity. It comes from an indomitable will. ‚Äì Mahatma Gandhi,0.0
"RT @AP: Bill Withers, who wrote and sang a string of soulful songs in the 1970s that have stood the test of time, including ‚Äú Lean On Me, ‚Äù‚Ä¶",0.0
"Does anyone else love sleeping because you get either dreams or a sense of nothingness, both of which feel better than being awake?",0.0
ashamed to say that i'm still emotionally invested in that little gay boy from b*zzfeed w*rth *t,0.0
